category,filename
getup_transitions,ai_getup@directional@transition@prone_to_knees@lasso@loosen_feet.ycd.xml
getup_transitions,ai_getup@directional@transition@prone_to_knees@lasso@loosen_hogtie.ycd.xml
getup_transitions,ai_getup@directional@transition@prone_to_knees@lasso@loosen_neck.ycd.xml
getup_transitions,ai_getup@directional@transition@prone_to_knees@lasso@loosen_waist.ycd.xml
getup_transitions,ai_getup@directional@transition@prone_to_seated@lasso@loosen_feet.ycd.xml
getup_transitions,ai_getup@directional@transition@prone_to_seated@lasso@loosen_hogtie.ycd.xml
getup_transitions,ai_getup@directional@transition@prone_to_seated@lasso@loosen_neck.ycd.xml
getup_transitions,ai_getup@directional@transition@prone_to_seated@lasso@loosen_waist.ycd.xml
ragdoll,ai_ragdoll@lasso.ycd.xml
inventory_equip,mech_inventory@equip@fallback@base@lasso.ycd.xml
inventory_equip,mech_inventory@equip@fallback@base@unarmed@satchel@lasso.ycd.xml
inventory_equip,mech_inventory@equip@fallback@base@unarmed@satchel@lasso_gesture.ycd.xml
inventory_equip,mech_inventory@equip@fallback@crouch@unarmed@satchel@lasso.ycd.xml
inventory_equip,mech_inventory@equip@fallback@first_person@unarmed@satchel@lasso_gesture.ycd.xml
inventory_equip,mech_inventory@equip@vehicle@shared@seated@base@unarmed@satchel@lasso_gesture.ycd.xml
grapple,mech_grapple@lasso@_male@_ambient@_healthy@mounted@_streamed.ycd.xml
grapple,mech_grapple@lasso@_male@_ambient@_healthy@mounted@intimidation@on_ass@_base.ycd.xml
grapple,mech_grapple@lasso@_male@_ambient@_healthy@mounted@intimidation@on_knees@_base.ycd.xml
grapple,mega_mech_grapple@lasso@male@mounted.ycd.xml
melee,mech_melee@lasso@_male@_ambient@_healthy@_noncombat.ycd.xml
motion_tasks_mrf,tasklasso.mrf
motion_tasks_mrf,tasklassofallover.mrf
motion_tasks_mrf,taskmotionstrafe_idle_lasso.mrf
motion_tasks_mrf,taskmotionstrafe_moving_lasso.mrf
motion_tasks_mrf,taskmotionstrafe_startmoving_lasso.mrf
motion_tasks_mrf,taskmotionstrafe_stopmoving_lasso.mrf
motion_tasks_mrf,taskmotionweaponaiminglasso.mrf
motion_tasks_mrf,taskmotionweaponcoillasso.mrf
motion_tasks_mrf,taskmotionweaponcoillassohorseback.mrf
motion_tasks_mrf,taskmotionweaponfirereleaselasso.mrf
motion_tasks_mrf,taskmotionweaponintrolasso.mrf
motion_tasks_mrf,taskmotionweaponthrowlasso.mrf
horseback,veh_horseback@aim@front@special@lasso@base@loco.ycd.xml
horseback,veh_horseback@aim@front@special@lasso@base@pull@loosen.ycd.xml
horseback,veh_horseback@aim@front@special@lasso@base@pull@tighten_rope.ycd.xml
horseback,veh_horseback@aim@front@special@lasso@base@pull@yank.ycd.xml
horseback,veh_horseback@aim@front@special@lasso@base@pull_off.ycd.xml
horseback,veh_horseback@aim@front@special@lasso@base@ready.ycd.xml
horseback,veh_horseback@aim@front@special@lasso@base@reelin.ycd.xml
horseback,veh_horseback@aim@front@special@lasso@base@reelin_drag.ycd.xml
horseback,veh_horseback@aim@front@special@lasso@base@reelin_empty.ycd.xml
horseback,veh_horseback@aim@front@special@lasso@base@reelin_empty_quick.ycd.xml
horseback,veh_horseback@aim@front@special@lasso@base@reelin_heavy.ycd.xml
horseback,veh_horseback@aim@front@special@lasso@base@reelin_lead.ycd.xml
horseback,veh_horseback@aim@front@special@lasso@base@reelin_pull.ycd.xml
horseback,veh_horseback@aim@front@special@lasso@base@release_wait.ycd.xml
horseback,veh_horseback@aim@front@special@lasso@base@swing.ycd.xml
horseback,veh_horseback@aim@front@special@lasso@base@transitions@ready_rear_turn.ycd.xml
horseback,veh_horseback@aim@front@special@lasso@base@transitions@ready_to_swing.ycd.xml
horseback,veh_horseback@aim@front@special@lasso@base@transitions@reelin_drag_rear_turn.ycd.xml
horseback,veh_horseback@aim@front@special@lasso@base@transitions@reelin_drag_to_reelin_heavy.ycd.xml
horseback,veh_horseback@aim@front@special@lasso@base@transitions@reelin_drag_to_reelin_lead.ycd.xml
horseback,veh_horseback@aim@front@special@lasso@base@transitions@reelin_heavy_rear_turn.ycd.xml
horseback,veh_horseback@aim@front@special@lasso@base@transitions@reelin_heavy_to_reelin.ycd.xml
horseback,veh_horseback@aim@front@special@lasso@base@transitions@reelin_heavy_to_reelin_drag.ycd.xml
horseback,veh_horseback@aim@front@special@lasso@base@transitions@reelin_lead_rear_turn.ycd.xml
horseback,veh_horseback@aim@front@special@lasso@base@transitions@reelin_lead_to_reelin.ycd.xml
horseback,veh_horseback@aim@front@special@lasso@base@transitions@reelin_lead_to_reelin_drag.ycd.xml
horseback,veh_horseback@aim@front@special@lasso@base@transitions@reelin_rear_turn.ycd.xml
horseback,veh_horseback@aim@front@special@lasso@base@transitions@reelin_to_reelin_heavy.ycd.xml
horseback,veh_horseback@aim@front@special@lasso@base@transitions@reelin_to_reelin_lead.ycd.xml
horseback,veh_horseback@aim@front@special@lasso@base@transitions@release_wait_rear_turn.ycd.xml
horseback,veh_horseback@aim@front@special@lasso@base@transitions@swing_rear_turn.ycd.xml
horseback,veh_horseback@aim@front@special@lasso@base@transitions@swing_to_ready.ycd.xml
introflow,script_mp@introflow@soloonfoot@lasso.ycd.xml
introflow,script_mp@introflow@soloonhorse@lasso.ycd.xml
introflow,script_mp@introflow@teamonfoot@lassos.ycd.xml
introflow,script_mp@introflow@teamonhorse@lassos.ycd.xml
meta,lassodata.meta
meta,lassotuning.meta
expression_yed,cp_lasso.yed.xml
expression_yed,s_mp_lassoloop01x.yed.xml
other,mech_jump@arms@lasso.ycd.xml
other,mega_mech_strafe@generic@lasso.ycd.xml
other,mega_mech_weapons_special@lasso.ycd.xml
